Workbook
Name Aporte: Simulador!$D$13:$D$13
Name Patrimonio: Simulador!$D$16:$D$16
Name Qtd_Anos: Simulador!$D$14:$D$14
Name Redimento_Carteira: Simulador!$D$9:$D$9
Name Salario: Simulador!$D$8:$D$8
Name Sugest_Investimento: Simulador!$D$10:$D$10
Name Taxa: Simulador!$D$15:$D$15
Name Taxa_Mensal: Simulador!$D$15:$D$15

Sheet Simulador
B7: Configurações
B8: Sálario | D8: 3000
B9: Rendimento Carteira | D9: 0.01
B10: Sugestação de Investimento | D10: {=Salario*30%} -> 900
B12: Investimento Mensal
B13: Quanto investir por mês? | D13: 100
B14: Por quantos anos? | D14: 10
B15: Taxa de rendimento mensal? | D15: 0.01079
B16: Patrimônio acumulado? | D16: {=FV(Taxa_Mensal,Qtd_Anos*12,Aporte*-1)} -> 24328.421
B17: Dividendos mensais? | D17: {=Patrimonio*Redimento_Carteira} -> 243.28421
B19: Cenários
B20: Quantos em: | D20: Dividendos:
A21: 2 | B21: 2 Anos | C21: {=FV(Taxa_Mensal,$A21*12,Aporte*-1)} -> 2722.7627 | D21: {=C21*Redimento_Carteira} -> 27.227627
A22: 5 | B22: 5 Anos | C22: {=FV(Taxa_Mensal,$A22*12,Aporte*-1)} -> 8377.6914 | D22: {=C22*Redimento_Carteira} -> 83.776914
A23: 10 | B23: 10 Anos | C23: {=FV(Taxa_Mensal,$A23*12,Aporte*-1)} -> 24328.421 | D23: {=C23*Redimento_Carteira} -> 243.28421
A24: 20 | B24: 20 Anos | C24: {=FV(Taxa_Mensal,$A24*12,Aporte*-1)} -> 112519.84 | D24: {=C24*Redimento_Carteira} -> 1125.1984
A25: 30 | B25: 30 Anos | C25: {=FV(Taxa_Mensal,$A25*12,Aporte*-1)} -> 432216.97 | D25: {=C25*Redimento_Carteira} -> 4322.1697
B27: Perfil | D27: Moderado
B28: Valor investido por mês | D28: {=Aporte} -> 100
B30: TIPO DE FII | C30: Percentual Sugerido | D30: Valores
B31: PAPEL | C31: =VLOOKUP($D$27&"-"&B31,'Lista de Apoio'!$B$3:$E$20,4,FALSE) -> 0.32 | D31: =C31*$D$28 -> 32
B32: TIJOLO | C32: =VLOOKUP($D$27&"-"&B32,'Lista de Apoio'!$B$3:$E$20,4,FALSE) -> 0.35 | D32: =C32*$D$28 -> 35
B33: HÍBRIDOS | C33: =VLOOKUP($D$27&"-"&B33,'Lista de Apoio'!$B$3:$E$20,4,FALSE) -> 0.08 | D33: =C33*$D$28 -> 8
B34: FOFs | C34: =VLOOKUP($D$27&"-"&B34,'Lista de Apoio'!$B$3:$E$20,4,FALSE) -> 0.05 | D34: =C34*$D$28 -> 5
B35: DESENVOLVIMENTO | C35: =VLOOKUP($D$27&"-"&B35,'Lista de Apoio'!$B$3:$E$20,4,FALSE) -> 0.1 | D35: =C35*$D$28 -> 10
B36: HOTELARIAS | C36: =VLOOKUP($D$27&"-"&B36,'Lista de Apoio'!$B$3:$E$20,4,FALSE) -> 0.1 | D36: =C36*$D$28 -> 10
D37: =SUM(D31:D36) -> 100

Sheet Lista de Apoio
B2: CHAVE | C2: PERFIL | D2: TIPO DE FII | E2: %
B3: =C3&"-"&D3 -> Agressivo-PAPEL | C3: Agressivo | D3: PAPEL | E3: 0.5
B4: =C4&"-"&D4 -> Agressivo-TIJOLO | C4: Agressivo | D4: TIJOLO | E4: 0.1
B5: =C5&"-"&D5 -> Agressivo-HÍBRIDOS | C5: Agressivo | D5: HÍBRIDOS | E5: 0.05
B6: =C6&"-"&D6 -> Agressivo-FOFs | C6: Agressivo | D6: FOFs | E6: 0.05
B7: =C7&"-"&D7 -> Agressivo-DESENVOLVIMENTO | C7: Agressivo | D7: DESENVOLVIMENTO | E7: 0.2
B8: =C8&"-"&D8 -> Agressivo-HOTELARIAS | C8: Agressivo | D8: HOTELARIAS | E8: 0.1
B9: =C9&"-"&D9 -> Conservador-PAPEL | C9: Conservador | D9: PAPEL | E9: 0.3
B10: =C10&"-"&D10 -> Conservador-TIJOLO | C10: Conservador | D10: TIJOLO | E10: 0.5
B11: =C11&"-"&D11 -> Conservador-HÍBRIDOS | C11: Conservador | D11: HÍBRIDOS | E11: 0.1
B12: =C12&"-"&D12 -> Conservador-FOFs | C12: Conservador | D12: FOFs | E12: 0.1
B13: =C13&"-"&D13 -> Conservador-DESENVOLVIMENTO | C13: Conservador | D13: DESENVOLVIMENTO | E13: 0
B14: =C14&"-"&D14 -> Conservador-HOTELARIAS | C14: Conservador | D14: HOTELARIAS | E14: 0
... B20: =C20&"-"&D20 -> Moderado-HOTELARIAS | C20: Moderado | D20: HOTELARIAS | E20: 0.1
